<?xml version = '1.0' encoding = 'UTF-8'?>
<Relation class="oracle.dbtools.crest.model.design.logical.Relation" name="Relation_1" directorySegmentName="seg_0" id="11240E9A-3A50-4980-0FE9-9D16C751CE4A">
<createdBy>Cestino</createdBy>
<createdTime>2022-03-09 10:12:07 UTC</createdTime>
<ownerDesignName>EBURYDML</ownerDesignName>
<engineerTo>
<item key="EB249571-6F6F-A0F9-4D45-D9A65F2DA10E" value="true"/>
</engineerTo>
<identifying>false</identifying>
<optionalSource>false</optionalSource>
<optionalTarget>true</optionalTarget>
<sourceCardinality>1</sourceCardinality>
<sourceEntity>04A0F63A-55F4-70E3-32AD-F208312761BF</sourceEntity>
<targetCardinalityString>1</targetCardinalityString>
<targetEntity>BD6193D5-E1F9-27B0-3A8D-704043D71969</targetEntity>
<transferable>true</transferable>
<deleteRule>NO ACTION</deleteRule>
</Relation>