<?xml version = '1.0' encoding = 'UTF-8'?>
<Relation class="oracle.dbtools.crest.model.design.logical.Relation" name="Relation_9" directorySegmentName="seg_0" id="23C57413-D923-F78A-034F-95337260A6AD">
<createdBy>Cestino</createdBy>
<createdTime>2022-03-09 10:22:39 UTC</createdTime>
<ownerDesignName>EBURYDML</ownerDesignName>
<engineerTo>
<item key="EB249571-6F6F-A0F9-4D45-D9A65F2DA10E" value="true"/>
</engineerTo>
<identifying>true</identifying>
<optionalSource>true</optionalSource>
<optionalTarget>false</optionalTarget>
<sourceCardinality>1</sourceCardinality>
<sourceEntity>3A300790-7D46-B809-61DE-DD64B9E3E5DD</sourceEntity>
<targetCardinalityString>*</targetCardinalityString>
<targetEntity>64E77B04-24AB-8088-A51A-337C65D96A48</targetEntity>
<transferable>true</transferable>
<deleteRule>NO ACTION</deleteRule>
</Relation>