<?xml version = '1.0' encoding = 'UTF-8'?>
<Relation class="oracle.dbtools.crest.model.design.logical.Relation" name="Asociada" directorySegmentName="seg_0" id="30CB864B-8841-79C5-C7F7-3FC939CC639F">
<createdBy>Cestino</createdBy>
<createdTime>2022-03-09 10:35:29 UTC</createdTime>
<ownerDesignName>EBURYDML</ownerDesignName>
<engineerTo>
<item key="EB249571-6F6F-A0F9-4D45-D9A65F2DA10E" value="true"/>
</engineerTo>
<identifying>false</identifying>
<optionalSource>true</optionalSource>
<optionalTarget>false</optionalTarget>
<sourceCardinality>1</sourceCardinality>
<sourceEntity>9862E821-1FF2-E03B-8DF9-CEB8FFF9A3B3</sourceEntity>
<targetCardinalityString>*</targetCardinalityString>
<targetEntity>1F40EFFC-0204-BBE2-F9DF-8DA233D7945D</targetEntity>
<transferable>true</transferable>
<deleteRule>NO ACTION</deleteRule>
</Relation>