<?xml version = '1.0' encoding = 'UTF-8'?>
<Relation class="oracle.dbtools.crest.model.design.logical.Relation" name="Relation_13" directorySegmentName="seg_0" id="3B4C21DD-81FE-BC33-8672-8018935FBA28">
<createdBy>Cestino</createdBy>
<createdTime>2022-03-09 10:23:26 UTC</createdTime>
<ownerDesignName>EBURYDML</ownerDesignName>
<engineerTo>
<item key="EB249571-6F6F-A0F9-4D45-D9A65F2DA10E" value="true"/>
</engineerTo>
<sourcePk>1B7C45A8-6C69-56F5-EB0D-E4F9102899F5</sourcePk>
<identifying>true</identifying>
<optionalSource>true</optionalSource>
<optionalTarget>false</optionalTarget>
<sourceCardinality>1</sourceCardinality>
<sourceEntity>34AF52A2-5182-6BF2-65D0-FD14319E013D</sourceEntity>
<targetCardinalityString>*</targetCardinalityString>
<targetEntity>9C13051C-4352-7D5A-CCDE-598CB5F58D38</targetEntity>
<transferable>true</transferable>
<deleteRule>NO ACTION</deleteRule>
</Relation>