<?xml version = '1.0' encoding = 'UTF-8'?>
<Relation class="oracle.dbtools.crest.model.design.logical.Relation" name="Relation_8" directorySegmentName="seg_0" id="78005ED2-FD51-11D4-DAEB-56E423B5A777">
<createdBy>Cestino</createdBy>
<createdTime>2022-03-09 10:18:10 UTC</createdTime>
<ownerDesignName>EBURYDML</ownerDesignName>
<engineerTo>
<item key="EB249571-6F6F-A0F9-4D45-D9A65F2DA10E" value="true"/>
</engineerTo>
<identifying>false</identifying>
<optionalSource>true</optionalSource>
<optionalTarget>false</optionalTarget>
<sourceCardinality>1</sourceCardinality>
<sourceEntity>41E416C6-7648-7E64-9CCB-B8E50C4D1EA4</sourceEntity>
<targetCardinalityString>*</targetCardinalityString>
<targetEntity>BD6193D5-E1F9-27B0-3A8D-704043D71969</targetEntity>
<transferable>true</transferable>
<deleteRule>NO ACTION</deleteRule>
</Relation>