<?xml version = '1.0' encoding = 'UTF-8'?>
<Relation class="oracle.dbtools.crest.model.design.logical.Relation" name="Relation_11" directorySegmentName="seg_0" id="89364D78-56CE-B861-128E-E4EA3E3CF25F">
<createdBy>Cestino</createdBy>
<createdTime>2022-03-09 10:23:04 UTC</createdTime>
<ownerDesignName>EBURYDML</ownerDesignName>
<engineerTo>
<item key="EB249571-6F6F-A0F9-4D45-D9A65F2DA10E" value="true"/>
</engineerTo>
<identifying>true</identifying>
<optionalSource>true</optionalSource>
<optionalTarget>false</optionalTarget>
<sourceCardinality>1</sourceCardinality>
<sourceEntity>BD6193D5-E1F9-27B0-3A8D-704043D71969</sourceEntity>
<targetCardinalityString>*</targetCardinalityString>
<targetEntity>64E77B04-24AB-8088-A51A-337C65D96A48</targetEntity>
<transferable>true</transferable>
<deleteRule>NO ACTION</deleteRule>
</Relation>