<?xml version = '1.0' encoding = 'UTF-8'?>
<Relation class="oracle.dbtools.crest.model.design.logical.Relation" name="Divisa Emisor" directorySegmentName="seg_0" id="CCD6CCFF-4293-B85D-8C59-90166EC493B4">
<createdBy>Cestino</createdBy>
<createdTime>2022-03-09 10:14:00 UTC</createdTime>
<ownerDesignName>EBURYDML</ownerDesignName>
<engineerTo>
<item key="EB249571-6F6F-A0F9-4D45-D9A65F2DA10E" value="true"/>
</engineerTo>
<identifying>false</identifying>
<optionalSource>true</optionalSource>
<optionalTarget>false</optionalTarget>
<sourceCardinality>1</sourceCardinality>
<sourceEntity>41E416C6-7648-7E64-9CCB-B8E50C4D1EA4</sourceEntity>
<targetCardinalityString>*</targetCardinalityString>
<targetEntity>0444213D-3F07-B760-EDF5-C405FFA690A2</targetEntity>
<transferable>true</transferable>
<deleteRule>NO ACTION</deleteRule>
</Relation>