<?xml version = '1.0' encoding = 'UTF-8'?>
<Relation class="oracle.dbtools.crest.model.design.logical.Relation" name="Tiene" directorySegmentName="seg_0" id="D21BE27B-49B0-B078-BEB7-2D07C496B775">
<createdBy>Cestino</createdBy>
<createdTime>2022-03-09 10:36:23 UTC</createdTime>
<ownerDesignName>EBURYDML</ownerDesignName>
<engineerTo>
<item key="EB249571-6F6F-A0F9-4D45-D9A65F2DA10E" value="true"/>
</engineerTo>
<sourcePk>73528B6D-5DC9-D0F6-4642-C3831DA776B2</sourcePk>
<identifying>false</identifying>
<optionalSource>true</optionalSource>
<optionalTarget>false</optionalTarget>
<sourceCardinality>1</sourceCardinality>
<sourceEntity>A469EC1A-1D29-062B-A4F2-5E9D00885BE5</sourceEntity>
<targetCardinalityString>*</targetCardinalityString>
<targetEntity>1F40EFFC-0204-BBE2-F9DF-8DA233D7945D</targetEntity>
<transferable>true</transferable>
<deleteRule>NO ACTION</deleteRule>
</Relation>