<?xml version = '1.0' encoding = 'UTF-8'?>
<Relation class="oracle.dbtools.crest.model.design.logical.Relation" name="Relation_12" directorySegmentName="seg_0" id="E540FE2F-86C4-E6A1-816F-4A513ADBD5DA">
<createdBy>Cestino</createdBy>
<createdTime>2022-03-09 10:23:16 UTC</createdTime>
<ownerDesignName>EBURYDML</ownerDesignName>
<engineerTo>
<item key="EB249571-6F6F-A0F9-4D45-D9A65F2DA10E" value="true"/>
</engineerTo>
<identifying>true</identifying>
<optionalSource>true</optionalSource>
<optionalTarget>false</optionalTarget>
<sourceCardinality>1</sourceCardinality>
<sourceEntity>589C7106-B994-767A-A3A6-50F78064AA33</sourceEntity>
<targetCardinalityString>*</targetCardinalityString>
<targetEntity>9C13051C-4352-7D5A-CCDE-598CB5F58D38</targetEntity>
<transferable>true</transferable>
<deleteRule>NO ACTION</deleteRule>
</Relation>