<?xml version = '1.0' encoding = 'UTF-8'?>
<Relation class="oracle.dbtools.crest.model.design.logical.Relation" name="Relation_2" directorySegmentName="seg_0" id="FF5A8728-D6C3-4A55-7BF9-82220DCD96A7">
<createdBy>Cestino</createdBy>
<createdTime>2022-03-09 10:13:05 UTC</createdTime>
<ownerDesignName>EBURYDML</ownerDesignName>
<engineerTo>
<item key="EB249571-6F6F-A0F9-4D45-D9A65F2DA10E" value="true"/>
</engineerTo>
<sourcePk>73528B6D-5DC9-D0F6-4642-C3831DA776B2</sourcePk>
<identifying>false</identifying>
<optionalSource>true</optionalSource>
<optionalTarget>false</optionalTarget>
<sourceCardinality>1</sourceCardinality>
<sourceEntity>A469EC1A-1D29-062B-A4F2-5E9D00885BE5</sourceEntity>
<targetCardinalityString>*</targetCardinalityString>
<targetEntity>9862E821-1FF2-E03B-8DF9-CEB8FFF9A3B3</targetEntity>
<transferable>true</transferable>
<deleteRule>NO ACTION</deleteRule>
</Relation>