<?xml version = '1.0' encoding = 'UTF-8'?>
<Diagram class="oracle.dbtools.crest.swingui.logical.DPVLogical" name="Logical" id="3A334152-95AF-EAA5-F034-85734DCF8B08">
<createdBy>Cestino</createdBy>
<modifiedBy>Cestino</modifiedBy>
<createdTime>2022-03-09 10:05:38 UTC</createdTime>
<autoRoute>false</autoRoute>
<boxInbox>true</boxInbox>
<showLegend>false</showLegend>
<showLabels>false</showLabels>
<showRelAttributes>false</showRelAttributes>
<gridEnabled>false</gridEnabled>
<showGrid>false</showGrid>
<diagramColor>-1</diagramColor>
<display>false</display>
<notation>1</notation>
<objectViews>
<OView class="oracle.dbtools.crest.swingui.logical.TVEntity" oid="0444213D-3F07-B760-EDF5-C405FFA690A2" otype="Entity" vid="09296101-0C65-1B3C-12AD-05A141E85B64">
<hideElementsInCurrentOnly>false</hideElementsInCurrentOnly>
<bounds x="702" y="734" width="205" height="185"/>
</OView>
<OView class="oracle.dbtools.crest.swingui.logical.TVEntity" oid="04A0F63A-55F4-70E3-32AD-F208312761BF" otype="Entity" vid="9A7D9921-5D06-6384-A681-364FBA76F95B">
<hideElementsInCurrentOnly>false</hideElementsInCurrentOnly>
<bounds x="777" y="510" width="131" height="36"/>
</OView>
<OView class="oracle.dbtools.crest.swingui.logical.TVEntity" oid="1F40EFFC-0204-BBE2-F9DF-8DA233D7945D" otype="Entity" vid="787464DC-2D10-E7F3-10D3-E0751F614B31">
<hideElementsInCurrentOnly>false</hideElementsInCurrentOnly>
<bounds x="445" y="627" width="170" height="110"/>
</OView>
<OView class="oracle.dbtools.crest.swingui.logical.TVEntity" oid="34AF52A2-5182-6BF2-65D0-FD14319E013D" otype="Entity" vid="A2FF36DD-A8C6-68FE-B1B3-5A0220D15709">
<hideElementsInCurrentOnly>false</hideElementsInCurrentOnly>
<bounds x="792" y="19" width="202" height="173"/>
</OView>
<OView class="oracle.dbtools.crest.swingui.logical.TVEntity" oid="3A300790-7D46-B809-61DE-DD64B9E3E5DD" otype="Entity" vid="83D8D787-DAFB-1B00-E366-9F7BAD00D46A">
<hideElementsInCurrentOnly>false</hideElementsInCurrentOnly>
<bounds x="776" y="467" width="132" height="34"/>
</OView>
<OView class="oracle.dbtools.crest.swingui.logical.TVEntity" oid="410543D7-317D-C82A-119F-5AFF206291B6" otype="Entity" vid="A0FD25D6-7197-3990-6CED-8D2E35D62FE6">
<hideElementsInCurrentOnly>false</hideElementsInCurrentOnly>
<bounds x="450" y="319" width="143" height="135"/>
</OView>
<OView class="oracle.dbtools.crest.swingui.logical.TVEntity" oid="41E416C6-7648-7E64-9CCB-B8E50C4D1EA4" otype="Entity" vid="C1931B24-8174-49F4-DDD7-1EF0214E2885">
<hideElementsInCurrentOnly>false</hideElementsInCurrentOnly>
<bounds x="1174" y="752" width="137" height="139"/>
</OView>
<OView class="oracle.dbtools.crest.swingui.logical.TVEntity" oid="589C7106-B994-767A-A3A6-50F78064AA33" otype="Entity" vid="84EAF9BE-A83B-C490-0888-D354CBF14926">
<hideElementsInCurrentOnly>false</hideElementsInCurrentOnly>
<bounds x="258" y="318" width="146" height="130"/>
</OView>
<OView class="oracle.dbtools.crest.swingui.logical.TVEntity" oid="64E77B04-24AB-8088-A51A-337C65D96A48" otype="Entity" vid="4748A036-E718-5058-457C-F8205BB3D5F2">
<hideElementsInCurrentOnly>false</hideElementsInCurrentOnly>
<bounds x="1201" y="200" width="143" height="255"/>
</OView>
<OView class="oracle.dbtools.crest.swingui.logical.TVEntity" oid="9862E821-1FF2-E03B-8DF9-CEB8FFF9A3B3" otype="Entity" vid="0DFB9263-A9CF-9281-881F-7C9D39F190EC">
<hideElementsInCurrentOnly>false</hideElementsInCurrentOnly>
<bounds x="758" y="400" width="174" height="169"/>
</OView>
<OView class="oracle.dbtools.crest.swingui.logical.TVEntity" oid="9C13051C-4352-7D5A-CCDE-598CB5F58D38" otype="Entity" vid="31E4B3F8-0777-1B17-0976-2D37B0BB6FD4">
<hideElementsInCurrentOnly>false</hideElementsInCurrentOnly>
<bounds x="72" y="49" width="141" height="88"/>
</OView>
<OView class="oracle.dbtools.crest.swingui.logical.TVEntity" oid="A469EC1A-1D29-062B-A4F2-5E9D00885BE5" otype="Entity" vid="D4603901-BA1A-8ED8-F434-FA2C9E671BE9">
<hideElementsInCurrentOnly>false</hideElementsInCurrentOnly>
<bounds x="239" y="204" width="388" height="317"/>
</OView>
<OView class="oracle.dbtools.crest.swingui.logical.TVEntity" oid="BD6193D5-E1F9-27B0-3A8D-704043D71969" otype="Entity" vid="46BB8117-CEEE-3570-7EDE-DCEA26F64AED">
<hideElementsInCurrentOnly>false</hideElementsInCurrentOnly>
<bounds x="994" y="470" width="96" height="83"/>
</OView>
<OView class="oracle.dbtools.crest.swingui.logical.TVEntity" oid="E6088E7B-BBDB-60AF-F34B-2CDB86C58884" otype="Entity" vid="2BB64BA6-6FAD-194A-91FE-562B95CF74EB">
<hideElementsInCurrentOnly>false</hideElementsInCurrentOnly>
<bounds x="748" y="298" width="352" height="317"/>
</OView>
</objectViews>
<connectors>
<Connector class="oracle.dbtools.crest.swingui.logical.TVInheritanceRelation" oid="0075802E-CF2B-0386-D39C-C89A60288FC8" otype="Hierarchy relation" vid_source="D4603901-BA1A-8ED8-F434-FA2C9E671BE9" vid_target="84EAF9BE-A83B-C490-0888-D354CBF14926">
<hideElementsInCurrentOnly>false</hideElementsInCurrentOnly>
<backgroundColor>-65536</backgroundColor>
<lineWidth>1</lineWidth>
</Connector>
<Connector class="oracle.dbtools.crest.swingui.logical.TVRelation" oid="11240E9A-3A50-4980-0FE9-9D16C751CE4A" otype="Relation" vid_source="9A7D9921-5D06-6384-A681-364FBA76F95B" vid_target="46BB8117-CEEE-3570-7EDE-DCEA26F64AED">
<hideElementsInCurrentOnly>false</hideElementsInCurrentOnly>
<backgroundColor>-16777216</backgroundColor>
<lineWidth>1</lineWidth>
<points>
<point x="908" y="515"/>
<point x="994" y="515"/>
</points>
</Connector>
<Connector class="oracle.dbtools.crest.swingui.logical.TVRelation" oid="23C57413-D923-F78A-034F-95337260A6AD" otype="Relation" vid_source="83D8D787-DAFB-1B00-E366-9F7BAD00D46A" vid_target="4748A036-E718-5058-457C-F8205BB3D5F2">
<hideElementsInCurrentOnly>false</hideElementsInCurrentOnly>
<backgroundColor>-16777216</backgroundColor>
<lineWidth>1</lineWidth>
<points>
<point x="888" y="467"/>
<point x="1201" y="353"/>
</points>
</Connector>
<Connector class="oracle.dbtools.crest.swingui.logical.TVRelation" oid="29C6AE55-0BC3-1174-E0C0-E80102F79B24" otype="Relation" vid_source="C1931B24-8174-49F4-DDD7-1EF0214E2885" vid_target="09296101-0C65-1B3C-12AD-05A141E85B64">
<hideElementsInCurrentOnly>false</hideElementsInCurrentOnly>
<backgroundColor>-16777216</backgroundColor>
<lineWidth>1</lineWidth>
<points>
<point x="1174" y="821"/>
<point x="907" y="821"/>
</points>
</Connector>
<Connector class="oracle.dbtools.crest.swingui.logical.TVInheritanceRelation" oid="2E4FB28E-B1A2-6A00-E772-7B2EBD85C731" otype="Hierarchy relation" vid_source="0DFB9263-A9CF-9281-881F-7C9D39F190EC" vid_target="83D8D787-DAFB-1B00-E366-9F7BAD00D46A">
<hideElementsInCurrentOnly>false</hideElementsInCurrentOnly>
<backgroundColor>-65536</backgroundColor>
<lineWidth>1</lineWidth>
</Connector>
<Connector class="oracle.dbtools.crest.swingui.logical.TVRelation" oid="30CB864B-8841-79C5-C7F7-3FC939CC639F" otype="Relation" vid_source="0DFB9263-A9CF-9281-881F-7C9D39F190EC" vid_target="787464DC-2D10-E7F3-10D3-E0751F614B31">
<hideElementsInCurrentOnly>false</hideElementsInCurrentOnly>
<backgroundColor>-16777216</backgroundColor>
<lineWidth>1</lineWidth>
<points>
<point x="758" y="539"/>
<point x="615" y="643"/>
</points>
</Connector>
<Connector class="oracle.dbtools.crest.swingui.logical.TVInheritanceRelation" oid="39295CF6-A88A-693A-0E93-A30601E00974" otype="Hierarchy relation" vid_source="2BB64BA6-6FAD-194A-91FE-562B95CF74EB" vid_target="0DFB9263-A9CF-9281-881F-7C9D39F190EC">
<hideElementsInCurrentOnly>false</hideElementsInCurrentOnly>
<backgroundColor>-65536</backgroundColor>
<lineWidth>1</lineWidth>
</Connector>
<Connector class="oracle.dbtools.crest.swingui.logical.TVRelation" oid="3B4C21DD-81FE-BC33-8672-8018935FBA28" otype="Relation" vid_source="A2FF36DD-A8C6-68FE-B1B3-5A0220D15709" vid_target="31E4B3F8-0777-1B17-0976-2D37B0BB6FD4">
<hideElementsInCurrentOnly>false</hideElementsInCurrentOnly>
<backgroundColor>-16777216</backgroundColor>
<lineWidth>1</lineWidth>
<points>
<point x="792" y="93"/>
<point x="213" y="93"/>
</points>
</Connector>
<Connector class="oracle.dbtools.crest.swingui.logical.TVRelation" oid="577B1E8F-0281-FDC3-FEA5-DBFE791485B9" otype="Relation" vid_source="2BB64BA6-6FAD-194A-91FE-562B95CF74EB" vid_target="09296101-0C65-1B3C-12AD-05A141E85B64">
<hideElementsInCurrentOnly>false</hideElementsInCurrentOnly>
<backgroundColor>-16777216</backgroundColor>
<lineWidth>1</lineWidth>
<points>
<point x="827" y="615"/>
<point x="827" y="734"/>
</points>
</Connector>
<Connector class="oracle.dbtools.crest.swingui.logical.TVRelation" oid="662AF76B-47A7-A896-D26F-1224BA7D0F7F" otype="Relation" vid_source="2BB64BA6-6FAD-194A-91FE-562B95CF74EB" vid_target="09296101-0C65-1B3C-12AD-05A141E85B64">
<hideElementsInCurrentOnly>false</hideElementsInCurrentOnly>
<backgroundColor>-16777216</backgroundColor>
<lineWidth>1</lineWidth>
<points>
<point x="842" y="615"/>
<point x="842" y="734"/>
</points>
</Connector>
<Connector class="oracle.dbtools.crest.swingui.logical.TVInheritanceRelation" oid="730C76F7-5357-DD97-EF7B-EACA20645DFD" otype="Hierarchy relation" vid_source="2BB64BA6-6FAD-194A-91FE-562B95CF74EB" vid_target="46BB8117-CEEE-3570-7EDE-DCEA26F64AED">
<hideElementsInCurrentOnly>false</hideElementsInCurrentOnly>
<backgroundColor>-65536</backgroundColor>
<lineWidth>1</lineWidth>
</Connector>
<Connector class="oracle.dbtools.crest.swingui.logical.TVRelation" oid="78005ED2-FD51-11D4-DAEB-56E423B5A777" otype="Relation" vid_source="C1931B24-8174-49F4-DDD7-1EF0214E2885" vid_target="46BB8117-CEEE-3570-7EDE-DCEA26F64AED">
<hideElementsInCurrentOnly>false</hideElementsInCurrentOnly>
<backgroundColor>-16777216</backgroundColor>
<lineWidth>1</lineWidth>
<points>
<point x="1197" y="752"/>
<point x="1053" y="553"/>
</points>
</Connector>
<Connector class="oracle.dbtools.crest.swingui.logical.TVRelation" oid="89364D78-56CE-B861-128E-E4EA3E3CF25F" otype="Relation" vid_source="46BB8117-CEEE-3570-7EDE-DCEA26F64AED" vid_target="4748A036-E718-5058-457C-F8205BB3D5F2">
<hideElementsInCurrentOnly>false</hideElementsInCurrentOnly>
<backgroundColor>-16777216</backgroundColor>
<lineWidth>1</lineWidth>
<points>
<point x="1090" y="473"/>
<point x="1201" y="384"/>
</points>
</Connector>
<Connector class="oracle.dbtools.crest.swingui.logical.TVInheritanceRelation" oid="A7343C66-9516-F5CC-58DD-60EB9CCED07F" otype="Hierarchy relation" vid_source="0DFB9263-A9CF-9281-881F-7C9D39F190EC" vid_target="9A7D9921-5D06-6384-A681-364FBA76F95B">
<hideElementsInCurrentOnly>false</hideElementsInCurrentOnly>
<backgroundColor>-65536</backgroundColor>
<lineWidth>1</lineWidth>
</Connector>
<Connector class="oracle.dbtools.crest.swingui.logical.TVInheritanceRelation" oid="C2F85753-3051-8D4F-1C21-15A34639E96A" otype="Hierarchy relation" vid_source="D4603901-BA1A-8ED8-F434-FA2C9E671BE9" vid_target="A0FD25D6-7197-3990-6CED-8D2E35D62FE6">
<hideElementsInCurrentOnly>false</hideElementsInCurrentOnly>
<backgroundColor>-65536</backgroundColor>
<lineWidth>1</lineWidth>
</Connector>
<Connector class="oracle.dbtools.crest.swingui.logical.TVRelation" oid="CCD6CCFF-4293-B85D-8C59-90166EC493B4" otype="Relation" vid_source="C1931B24-8174-49F4-DDD7-1EF0214E2885" vid_target="09296101-0C65-1B3C-12AD-05A141E85B64">
<hideElementsInCurrentOnly>false</hideElementsInCurrentOnly>
<backgroundColor>-16777216</backgroundColor>
<lineWidth>1</lineWidth>
<points>
<point x="1174" y="836"/>
<point x="907" y="836"/>
</points>
</Connector>
<Connector class="oracle.dbtools.crest.swingui.logical.TVRelation" oid="D21BE27B-49B0-B078-BEB7-2D07C496B775" otype="Relation" vid_source="D4603901-BA1A-8ED8-F434-FA2C9E671BE9" vid_target="787464DC-2D10-E7F3-10D3-E0751F614B31">
<hideElementsInCurrentOnly>false</hideElementsInCurrentOnly>
<backgroundColor>-16777216</backgroundColor>
<lineWidth>1</lineWidth>
<points>
<point x="530" y="521"/>
<point x="530" y="627"/>
</points>
</Connector>
<Connector class="oracle.dbtools.crest.swingui.logical.TVRelation" oid="E540FE2F-86C4-E6A1-816F-4A513ADBD5DA" otype="Relation" vid_source="84EAF9BE-A83B-C490-0888-D354CBF14926" vid_target="31E4B3F8-0777-1B17-0976-2D37B0BB6FD4">
<hideElementsInCurrentOnly>false</hideElementsInCurrentOnly>
<backgroundColor>-16777216</backgroundColor>
<lineWidth>1</lineWidth>
<points>
<point x="258" y="318"/>
<point x="164" y="286"/>
<point x="164" y="137"/>
</points>
</Connector>
<Connector class="oracle.dbtools.crest.swingui.logical.TVRelation" oid="FF5A8728-D6C3-4A55-7BF9-82220DCD96A7" otype="Relation" vid_source="D4603901-BA1A-8ED8-F434-FA2C9E671BE9" vid_target="0DFB9263-A9CF-9281-881F-7C9D39F190EC">
<hideElementsInCurrentOnly>false</hideElementsInCurrentOnly>
<backgroundColor>-16777216</backgroundColor>
<lineWidth>1</lineWidth>
<points>
<point x="627" y="460"/>
<point x="758" y="460"/>
</points>
</Connector>
</connectors>
</Diagram>