<?xml version = '1.0' encoding = 'UTF-8'?>
<Relation class="oracle.dbtools.crest.model.design.logical.InheritanceRelation" name="Hierarchy_2" directorySegmentName="seg_0" id="2E4FB28E-B1A2-6A00-E772-7B2EBD85C731">
<createdBy>Cestino</createdBy>
<createdTime>2022-03-09 10:07:22 UTC</createdTime>
<ownerDesignName>EBURYDML</ownerDesignName>
<engineerTo>
<item key="EB249571-6F6F-A0F9-4D45-D9A65F2DA10E" value="true"/>
</engineerTo>
<identifying>false</identifying>
<nameOnSource>Super Type</nameOnSource>
<nameOnTarget>Sub Type</nameOnTarget>
<optionalSource>true</optionalSource>
<optionalTarget>true</optionalTarget>
<sourceEntity>9862E821-1FF2-E03B-8DF9-CEB8FFF9A3B3</sourceEntity>
<targetEntity>3A300790-7D46-B809-61DE-DD64B9E3E5DD</targetEntity>
<transferable>true</transferable>
<deleteRule>NO ACTION</deleteRule>
</Relation>