<?xml version = '1.0' encoding = 'UTF-8'?>
<Entity class="oracle.dbtools.crest.model.design.logical.Entity" directorySegmentName="seg_0" id="34AF52A2-5182-6BF2-65D0-FD14319E013D" name="PERSONA_AUTORIZADA">
<createdBy>Cestino</createdBy>
<createdTime>2022-03-09 10:05:59 UTC</createdTime>
<ownerDesignName>EBURYDML</ownerDesignName>
<engineerTo>
<item key="EB249571-6F6F-A0F9-4D45-D9A65F2DA10E" value="true"/>
</engineerTo>
<adequatelyNormalized>NO</adequatelyNormalized>
<expectedVolumes>0</expectedVolumes>
<fwdEngineeringStrategyName>Single Table</fwdEngineeringStrategyName>
<growthPercent>0</growthPercent>
<growthType>Year</growthType>
<maxVolumes>9999999</maxVolumes>
<minVolumes>0</minVolumes>
<normalForm>Third</normalForm>
<attributes itemClass="oracle.dbtools.crest.model.design.logical.Attribute">
<Attribute name="ID" id="1B98CE97-8391-AADC-924C-9DC1FE99DDD8">
<createdBy>Cestino</createdBy>
<createdTime>2022-03-09 10:56:36 UTC</createdTime>
<ownerDesignName>EBURYDML</ownerDesignName>
<engineerTo>
<item key="EB249571-6F6F-A0F9-4D45-D9A65F2DA10E" value="true"/>
</engineerTo>
<use>0</use>
<ownDataTypeParameters>,,</ownDataTypeParameters>
</Attribute>
<Attribute name="IDENTIFICACION" id="2973C186-37F2-5417-2BD3-9AB879057377">
<createdBy>Cestino</createdBy>
<createdTime>2022-03-09 10:56:40 UTC</createdTime>
<ownerDesignName>EBURYDML</ownerDesignName>
<engineerTo>
<item key="EB249571-6F6F-A0F9-4D45-D9A65F2DA10E" value="true"/>
</engineerTo>
<nullsAllowed>true</nullsAllowed>
<use>0</use>
<ownDataTypeParameters>,,</ownDataTypeParameters>
</Attribute>
<Attribute name="NOMBRE" id="9BC172D7-578D-554D-5062-78AD3F4E9035">
<createdBy>Cestino</createdBy>
<createdTime>2022-03-09 10:56:45 UTC</createdTime>
<ownerDesignName>EBURYDML</ownerDesignName>
<engineerTo>
<item key="EB249571-6F6F-A0F9-4D45-D9A65F2DA10E" value="true"/>
</engineerTo>
<nullsAllowed>true</nullsAllowed>
<use>0</use>
<ownDataTypeParameters>,,</ownDataTypeParameters>
</Attribute>
<Attribute name="APELLIDOS" id="90A72FC6-D076-FC1C-3D42-633D599BB5D8">
<createdBy>Cestino</createdBy>
<createdTime>2022-03-09 10:56:49 UTC</createdTime>
<ownerDesignName>EBURYDML</ownerDesignName>
<engineerTo>
<item key="EB249571-6F6F-A0F9-4D45-D9A65F2DA10E" value="true"/>
</engineerTo>
<nullsAllowed>true</nullsAllowed>
<use>0</use>
<ownDataTypeParameters>,,</ownDataTypeParameters>
</Attribute>
<Attribute name="DIRECCION" id="ABE7E9CB-BBB5-458B-5B01-1FC3115146A0">
<createdBy>Cestino</createdBy>
<createdTime>2022-03-09 10:56:52 UTC</createdTime>
<ownerDesignName>EBURYDML</ownerDesignName>
<engineerTo>
<item key="EB249571-6F6F-A0F9-4D45-D9A65F2DA10E" value="true"/>
</engineerTo>
<nullsAllowed>true</nullsAllowed>
<use>0</use>
<ownDataTypeParameters>,,</ownDataTypeParameters>
</Attribute>
<Attribute name="FECHA_NACIMIENTO" id="F6417E1B-48AF-7B4E-74BB-5740F091A23A">
<createdBy>Cestino</createdBy>
<createdTime>2022-03-09 10:56:52 UTC</createdTime>
<ownerDesignName>EBURYDML</ownerDesignName>
<engineerTo>
<item key="EB249571-6F6F-A0F9-4D45-D9A65F2DA10E" value="true"/>
</engineerTo>
<nullsAllowed>true</nullsAllowed>
<use>0</use>
<ownDataTypeParameters>,,</ownDataTypeParameters>
</Attribute>
<Attribute name="FECHA_INICIO" id="BDCBF872-6325-8F7D-3FCD-210C6EDFB655">
<createdBy>Cestino</createdBy>
<createdTime>2022-03-09 10:57:09 UTC</createdTime>
<ownerDesignName>EBURYDML</ownerDesignName>
<engineerTo>
<item key="EB249571-6F6F-A0F9-4D45-D9A65F2DA10E" value="true"/>
</engineerTo>
<nullsAllowed>true</nullsAllowed>
<use>0</use>
<ownDataTypeParameters>,,</ownDataTypeParameters>
</Attribute>
<Attribute name="ESTADO" id="99C566B1-D471-6FF1-305B-C827DC53D894">
<createdBy>Cestino</createdBy>
<createdTime>2022-03-09 10:57:09 UTC</createdTime>
<ownerDesignName>EBURYDML</ownerDesignName>
<engineerTo>
<item key="EB249571-6F6F-A0F9-4D45-D9A65F2DA10E" value="true"/>
</engineerTo>
<nullsAllowed>true</nullsAllowed>
<use>0</use>
<ownDataTypeParameters>,,</ownDataTypeParameters>
</Attribute>
<Attribute name="FECHA_FIN" id="EE55C5E7-CFF3-FA0C-C61D-BA75A219F8D3">
<createdBy>Cestino</createdBy>
<createdTime>2022-03-09 10:57:19 UTC</createdTime>
<ownerDesignName>EBURYDML</ownerDesignName>
<engineerTo>
<item key="EB249571-6F6F-A0F9-4D45-D9A65F2DA10E" value="true"/>
</engineerTo>
<nullsAllowed>true</nullsAllowed>
<use>0</use>
<ownDataTypeParameters>,,</ownDataTypeParameters>
</Attribute>
</attributes>
<identifiers itemClass="oracle.dbtools.crest.model.design.logical.CandidateKey">
<identifier id="1B7C45A8-6C69-56F5-EB0D-E4F9102899F5" name="PERSONA_AUTORIZADA PK">
<createdBy>Cestino</createdBy>
<createdTime>2022-03-09 10:56:39 UTC</createdTime>
<ownerDesignName>EBURYDML</ownerDesignName>
<engineerTo>
<item key="EB249571-6F6F-A0F9-4D45-D9A65F2DA10E" value="true"/>
</engineerTo>
<pk>true</pk>
<usedAttributes>
<attributeRef>1B98CE97-8391-AADC-924C-9DC1FE99DDD8</attributeRef>
</usedAttributes>
</identifier>
</identifiers>
</Entity>