<?xml version = '1.0' encoding = 'UTF-8'?>
<Entity class="oracle.dbtools.crest.model.design.logical.Entity" directorySegmentName="seg_0" id="64E77B04-24AB-8088-A51A-337C65D96A48" name="DEPOSITAR_EN">
<createdBy>Cestino</createdBy>
<createdTime>2022-03-09 10:06:19 UTC</createdTime>
<ownerDesignName>EBURYDML</ownerDesignName>
<engineerTo>
<item key="EB249571-6F6F-A0F9-4D45-D9A65F2DA10E" value="true"/>
</engineerTo>
<adequatelyNormalized>NO</adequatelyNormalized>
<expectedVolumes>0</expectedVolumes>
<fwdEngineeringStrategyName>Single Table</fwdEngineeringStrategyName>
<growthPercent>0</growthPercent>
<growthType>Year</growthType>
<maxVolumes>9999999</maxVolumes>
<minVolumes>0</minVolumes>
<normalForm>Third</normalForm>
<attributes itemClass="oracle.dbtools.crest.model.design.logical.Attribute">
<Attribute name="SALDO" id="2AEFA711-0C5F-E9CD-1CF1-4F8D4A3D2151">
<createdBy>Cestino</createdBy>
<createdTime>2022-03-09 10:57:30 UTC</createdTime>
<ownerDesignName>EBURYDML</ownerDesignName>
<engineerTo>
<item key="EB249571-6F6F-A0F9-4D45-D9A65F2DA10E" value="true"/>
</engineerTo>
<nullsAllowed>true</nullsAllowed>
<use>0</use>
<ownDataTypeParameters>,,</ownDataTypeParameters>
</Attribute>
</attributes>
</Entity>