<?xml version = '1.0' encoding = 'UTF-8'?>
<Entity class="oracle.dbtools.crest.model.design.logical.Entity" directorySegmentName="seg_0" id="9862E821-1FF2-E03B-8DF9-CEB8FFF9A3B3" name="CUENTA_FINTECH">
<createdBy>Cestino</createdBy>
<createdTime>2022-03-09 10:06:53 UTC</createdTime>
<ownerDesignName>EBURYDML</ownerDesignName>
<engineerTo>
<item key="EB249571-6F6F-A0F9-4D45-D9A65F2DA10E" value="true"/>
</engineerTo>
<adequatelyNormalized>NO</adequatelyNormalized>
<expectedVolumes>0</expectedVolumes>
<fwdEngineeringStrategyName>Single Table</fwdEngineeringStrategyName>
<growthPercent>0</growthPercent>
<growthType>Year</growthType>
<hierarchicalParent>E6088E7B-BBDB-60AF-F34B-2CDB86C58884</hierarchicalParent>
<maxVolumes>9999999</maxVolumes>
<minVolumes>0</minVolumes>
<normalForm>Third</normalForm>
<attributes itemClass="oracle.dbtools.crest.model.design.logical.Attribute">
<Attribute name="ID" id="086BDDB0-4245-8BC0-3E23-2AD2FFC10D85">
<createdBy>Cestino</createdBy>
<createdTime>2022-03-09 10:54:57 UTC</createdTime>
<generatorID>FF5A8728-D6C3-4A55-7BF9-82220DCD96A7</generatorID>
<ownerDesignName>EBURYDML</ownerDesignName>
<engineerTo>
<item key="EB249571-6F6F-A0F9-4D45-D9A65F2DA10E" value="true"/>
</engineerTo>
<referedAttribute>02935264-7477-906E-9549-2E6C1B001BE9</referedAttribute>
<use>0</use>
<ownDataTypeParameters>,,</ownDataTypeParameters>
</Attribute>
<Attribute name="ESTADO" id="9253609D-E0D2-FF8B-E378-AE1C546F792B">
<createdBy>Cestino</createdBy>
<createdTime>2022-03-09 10:57:55 UTC</createdTime>
<ownerDesignName>EBURYDML</ownerDesignName>
<engineerTo>
<item key="EB249571-6F6F-A0F9-4D45-D9A65F2DA10E" value="true"/>
</engineerTo>
<nullsAllowed>true</nullsAllowed>
<use>0</use>
<ownDataTypeParameters>,,</ownDataTypeParameters>
</Attribute>
<Attribute name="FECHA_APERTURA" id="3DD8BF97-5CB3-5CD0-67DF-2BE96B516431">
<createdBy>Cestino</createdBy>
<createdTime>2022-03-09 10:57:58 UTC</createdTime>
<ownerDesignName>EBURYDML</ownerDesignName>
<engineerTo>
<item key="EB249571-6F6F-A0F9-4D45-D9A65F2DA10E" value="true"/>
</engineerTo>
<nullsAllowed>true</nullsAllowed>
<use>0</use>
<ownDataTypeParameters>,,</ownDataTypeParameters>
</Attribute>
<Attribute name="FECHA_CIERRE" id="1E2C1FDC-A404-1047-E9EC-2B2B050D7641">
<createdBy>Cestino</createdBy>
<createdTime>2022-03-09 10:58:03 UTC</createdTime>
<ownerDesignName>EBURYDML</ownerDesignName>
<engineerTo>
<item key="EB249571-6F6F-A0F9-4D45-D9A65F2DA10E" value="true"/>
</engineerTo>
<nullsAllowed>true</nullsAllowed>
<use>0</use>
<ownDataTypeParameters>,,</ownDataTypeParameters>
</Attribute>
<Attribute name="CLASIFICACION" id="60C6025F-E69E-9D30-FFC5-A463A5C57161">
<createdBy>Cestino</createdBy>
<createdTime>2022-03-09 10:58:07 UTC</createdTime>
<ownerDesignName>EBURYDML</ownerDesignName>
<engineerTo>
<item key="EB249571-6F6F-A0F9-4D45-D9A65F2DA10E" value="true"/>
</engineerTo>
<nullsAllowed>true</nullsAllowed>
<use>0</use>
<ownDataTypeParameters>,,</ownDataTypeParameters>
</Attribute>
</attributes>
</Entity>