<?xml version = '1.0' encoding = 'UTF-8'?>
<Entity class="oracle.dbtools.crest.model.design.logical.Entity" directorySegmentName="seg_0" id="9C13051C-4352-7D5A-CCDE-598CB5F58D38" name="AUTORIZACION">
<createdBy>Cestino</createdBy>
<createdTime>2022-03-09 10:06:25 UTC</createdTime>
<ownerDesignName>EBURYDML</ownerDesignName>
<engineerTo>
<item key="EB249571-6F6F-A0F9-4D45-D9A65F2DA10E" value="true"/>
</engineerTo>
<adequatelyNormalized>NO</adequatelyNormalized>
<expectedVolumes>0</expectedVolumes>
<fwdEngineeringStrategyName>Single Table</fwdEngineeringStrategyName>
<growthPercent>0</growthPercent>
<growthType>Year</growthType>
<maxVolumes>9999999</maxVolumes>
<minVolumes>0</minVolumes>
<normalForm>Third</normalForm>
<attributes itemClass="oracle.dbtools.crest.model.design.logical.Attribute">
<Attribute name="TIPO" id="3654CB20-BE0E-A492-2AE8-B43412801BDE">
<createdBy>Cestino</createdBy>
<createdTime>2022-03-09 10:56:05 UTC</createdTime>
<ownerDesignName>EBURYDML</ownerDesignName>
<engineerTo>
<item key="EB249571-6F6F-A0F9-4D45-D9A65F2DA10E" value="true"/>
</engineerTo>
<nullsAllowed>true</nullsAllowed>
<use>0</use>
<ownDataTypeParameters>,,</ownDataTypeParameters>
</Attribute>
<Attribute name="ID" id="DE17E63A-97DE-DE74-FAC7-E7DB36952090">
<createdBy>Cestino</createdBy>
<createdTime>2022-03-09 10:57:25 UTC</createdTime>
<generatorID>3B4C21DD-81FE-BC33-8672-8018935FBA28</generatorID>
<ownerDesignName>EBURYDML</ownerDesignName>
<engineerTo>
<item key="EB249571-6F6F-A0F9-4D45-D9A65F2DA10E" value="true"/>
</engineerTo>
<referedAttribute>1B98CE97-8391-AADC-924C-9DC1FE99DDD8</referedAttribute>
<use>0</use>
<ownDataTypeParameters>,,</ownDataTypeParameters>
</Attribute>
</attributes>
<identifiers itemClass="oracle.dbtools.crest.model.design.logical.CandidateKey">
<identifier id="69AC1B4D-CF4A-1CB8-A88D-7415D3962F1A" name="AUTORIZACION PK">
<createdBy>Cestino</createdBy>
<createdTime>2022-03-09 10:56:39 UTC</createdTime>
<ownerDesignName>EBURYDML</ownerDesignName>
<engineerTo>
<item key="EB249571-6F6F-A0F9-4D45-D9A65F2DA10E" value="true"/>
</engineerTo>
<pk>true</pk>
<usedAttributes>
<attributeRef>DE17E63A-97DE-DE74-FAC7-E7DB36952090</attributeRef>
</usedAttributes>
</identifier>
</identifiers>
</Entity>